tileX,tileY,firstCoveredAt
306283,152341,2026-04-25T07:48:55.149235Z
306284,152344,2026-04-25T07:48:55.155598Z
306284,152343,2026-04-25T07:48:55.156262Z
306283,152343,2026-04-25T07:48:55.156617Z
306284,152341,2026-04-25T07:48:55.156982Z
306283,152342,2026-04-25T07:48:55.157324Z
306284,152345,2026-04-25T07:48:55.198203Z
306285,152342,2026-04-25T07:48:55.201734Z
306285,152343,2026-04-25T07:48:55.219692Z
306285,152345,2026-04-25T07:48:55.226385Z
306285,152346,2026-04-25T07:48:55.228456Z
306286,152343,2026-04-25T07:48:55.245039Z
306286,152344,2026-04-25T07:48:55.250683Z
306286,152347,2026-04-25T07:48:55.266613Z
306286,152348,2026-04-25T07:48:55.271029Z
306286,152349,2026-04-25T07:48:55.276748Z
306287,152344,2026-04-25T07:48:55.281559Z
306287,152345,2026-04-25T07:48:55.287251Z
306287,152349,2026-04-25T07:48:55.296773Z
306287,152350,2026-04-25T07:48:55.302544Z
306287,152351,2026-04-25T07:48:55.312695Z
306288,152345,2026-04-25T07:48:55.319744Z
306288,152351,2026-04-25T07:48:55.324469Z
306288,152352,2026-04-25T07:48:55.33104Z
306288,152353,2026-04-25T07:48:55.342554Z
306289,152345,2026-04-25T07:48:55.349991Z
306289,152346,2026-04-25T07:48:55.360753Z
306289,152352,2026-04-25T07:48:55.370951Z
306289,152353,2026-04-25T07:48:55.400229Z
306290,152346,2026-04-25T07:48:55.405704Z
306290,152350,2026-04-25T07:48:55.446087Z
306291,152345,2026-04-25T07:48:55.488159Z
306290,152351,2026-04-25T07:48:55.51757Z
306291,152346,2026-04-25T07:48:55.540479Z
306291,152347,2026-04-25T07:48:55.597946Z
306291,152348,2026-04-25T07:48:55.614692Z
306291,152349,2026-04-25T07:48:55.615442Z
306291,152350,2026-04-25T07:48:55.625753Z
306292,152345,2026-04-25T07:48:55.64323Z
306292,152346,2026-04-25T07:48:55.658804Z
306292,152347,2026-04-25T07:48:55.666939Z
306292,152350,2026-04-25T07:48:55.684568Z
306293,152347,2026-04-25T07:48:55.694064Z
306293,152349,2026-04-25T07:48:55.713717Z
306293,152348,2026-04-25T07:48:55.717758Z
306273,152350,2026-04-25T07:49:04.91984Z
306275,152351,2026-04-25T07:49:04.923945Z
306275,152349,2026-04-25T07:49:04.925215Z
306274,152350,2026-04-25T07:49:04.926228Z
306275,152350,2026-04-25T07:49:04.926609Z
306274,152349,2026-04-25T07:49:04.926828Z
306276,152349,2026-04-25T07:49:04.932144Z
306276,152350,2026-04-25T07:49:04.933214Z
306276,152351,2026-04-25T07:49:04.938015Z
306276,152352,2026-04-25T07:49:04.938429Z
306277,152348,2026-04-25T07:49:04.943053Z
306277,152349,2026-04-25T07:49:04.947837Z
306277,152350,2026-04-25T07:49:04.949326Z
306277,152351,2026-04-25T07:49:04.951987Z
306277,152352,2026-04-25T07:49:04.95338Z
306277,152353,2026-04-25T07:49:04.960263Z
306278,152348,2026-04-25T07:49:04.960652Z
306278,152349,2026-04-25T07:49:04.961118Z
306278,152351,2026-04-25T07:49:04.966742Z
306278,152352,2026-04-25T07:49:04.969511Z
306278,152353,2026-04-25T07:49:04.97412Z
306279,152348,2026-04-25T07:49:04.974668Z
306279,152349,2026-04-25T07:49:04.979777Z
306279,152350,2026-04-25T07:49:04.983842Z
306279,152352,2026-04-25T07:49:04.987347Z
306279,152353,2026-04-25T07:49:04.991244Z
306280,152348,2026-04-25T07:49:04.993353Z
306280,152349,2026-04-25T07:49:04.996945Z
306280,152350,2026-04-25T07:49:05.000329Z
306280,152351,2026-04-25T07:49:05.001685Z
306280,152352,2026-04-25T07:49:05.006187Z
306281,152347,2026-04-25T07:49:05.011749Z
306281,152348,2026-04-25T07:49:05.014031Z
306281,152349,2026-04-25T07:49:05.016559Z
306281,152350,2026-04-25T07:49:05.020804Z
306281,152351,2026-04-25T07:49:05.02174Z
306282,152347,2026-04-25T07:49:05.028383Z
306282,152349,2026-04-25T07:49:05.03187Z
306283,152347,2026-04-25T07:49:05.032288Z
306283,152348,2026-04-25T07:49:05.036138Z
306284,152346,2026-04-25T07:49:05.039979Z
306284,152347,2026-04-25T07:49:05.041704Z
306271,152350,2026-04-25T07:49:34.071162Z
306271,152351,2026-04-25T07:49:34.071869Z
306271,152352,2026-04-25T07:49:34.072441Z
306272,152351,2026-04-25T07:49:34.074153Z
306272,152350,2026-04-25T07:49:34.076475Z
306272,152352,2026-04-25T07:49:34.078498Z
306273,152351,2026-04-25T07:49:34.084151Z
306273,152352,2026-04-25T07:49:34.088764Z
306273,152353,2026-04-25T07:49:34.091114Z
306274,152352,2026-04-25T07:49:34.092215Z
306274,152354,2026-04-25T07:49:34.095209Z
306275,152353,2026-04-25T07:49:34.098151Z
306275,152354,2026-04-25T07:49:34.101592Z
306275,152355,2026-04-25T07:49:34.104528Z
306276,152354,2026-04-25T07:49:34.106479Z
306276,152355,2026-04-25T07:49:34.109644Z
306276,152356,2026-04-25T07:49:34.110055Z
306277,152354,2026-04-25T07:49:34.115965Z
306277,152355,2026-04-25T07:49:34.117209Z
306277,152356,2026-04-25T07:49:34.11961Z
306278,152354,2026-04-25T07:49:34.122208Z
306278,152355,2026-04-25T07:49:34.123173Z
306279,152356,2026-04-25T07:49:34.127452Z
306279,152354,2026-04-25T07:49:34.128153Z
306280,152354,2026-04-25T07:49:34.131818Z
306280,152355,2026-04-25T07:49:34.13576Z
306280,152356,2026-04-25T07:49:34.137731Z
306280,152357,2026-04-25T07:49:34.142217Z
306281,152352,2026-04-25T07:49:34.144785Z
306281,152355,2026-04-25T07:49:34.147784Z
306281,152356,2026-04-25T07:49:34.151406Z
306281,152357,2026-04-25T07:49:34.153599Z
306281,152358,2026-04-25T07:49:34.155563Z
306282,152352,2026-04-25T07:49:34.160154Z
306282,152353,2026-04-25T07:49:34.164322Z
306282,152356,2026-04-25T07:49:34.16621Z
306282,152357,2026-04-25T07:49:34.171945Z
306282,152358,2026-04-25T07:49:34.172647Z
306282,152359,2026-04-25T07:49:34.177889Z
306283,152353,2026-04-25T07:49:34.183325Z
306283,152354,2026-04-25T07:49:34.187279Z
306283,152357,2026-04-25T07:49:34.188704Z
306283,152358,2026-04-25T07:49:34.190574Z
306283,152359,2026-04-25T07:49:34.195472Z
306284,152354,2026-04-25T07:49:34.200538Z
306284,152355,2026-04-25T07:49:34.205829Z
306284,152357,2026-04-25T07:49:34.207903Z
306284,152358,2026-04-25T07:49:34.210419Z
306285,152355,2026-04-25T07:49:34.217186Z
306285,152356,2026-04-25T07:49:34.220507Z
306285,152357,2026-04-25T07:49:34.224157Z
306286,152356,2026-04-25T07:49:34.227168Z
306252,152314,2026-04-26T10:19:44.181443Z
306252,152312,2026-04-26T10:19:44.181443Z
306251,152317,2026-04-26T10:19:44.181443Z
306252,152315,2026-04-26T10:19:44.181443Z
306251,152313,2026-04-26T10:19:44.181443Z
306251,152314,2026-04-26T10:19:44.181443Z
306251,152312,2026-04-26T10:19:44.181443Z
306251,152316,2026-04-26T10:19:44.181443Z
306252,152313,2026-04-26T10:19:44.181443Z
306251,152311,2026-04-26T10:19:44.181443Z
306251,152315,2026-04-26T10:19:44.181443Z
306252,152311,2026-04-26T10:19:44.181443Z
306252,152358,2026-04-26T10:19:45.025697Z
306253,152357,2026-04-26T10:19:45.025697Z
306253,152355,2026-04-26T10:19:45.025697Z
306253,152356,2026-04-26T10:19:45.025697Z
306252,152359,2026-04-26T10:19:45.025697Z
306253,152358,2026-04-26T10:19:45.025697Z
306250,152341,2026-04-26T10:19:45.6872Z
306250,152339,2026-04-26T10:19:45.6872Z
306249,152340,2026-04-26T10:19:45.6872Z
306248,152339,2026-04-26T10:19:45.6872Z
306248,152338,2026-04-26T10:19:45.6872Z
306249,152338,2026-04-26T10:19:45.6872Z
306250,152338,2026-04-26T10:19:45.6872Z
306250,152340,2026-04-26T10:19:45.6872Z
306249,152337,2026-04-26T10:19:45.6872Z
306249,152339,2026-04-26T10:19:45.6872Z
306317,152336,2026-04-26T10:19:46.26083Z
306316,152335,2026-04-26T10:19:46.26083Z
306317,152333,2026-04-26T10:19:46.26083Z
306316,152337,2026-04-26T10:19:46.26083Z
306317,152337,2026-04-26T10:19:46.26083Z
306316,152334,2026-04-26T10:19:46.26083Z
306316,152333,2026-04-26T10:19:46.26083Z
306316,152338,2026-04-26T10:19:46.26083Z
306317,152338,2026-04-26T10:19:46.26083Z
306317,152334,2026-04-26T10:19:46.26083Z
306318,152333,2026-04-26T10:19:46.26083Z
306251,152375,2026-04-26T10:19:46.834441Z
306250,152375,2026-04-26T10:19:46.834441Z
306251,152374,2026-04-26T10:19:46.834441Z
306252,152373,2026-04-26T10:19:46.834441Z
306253,152372,2026-04-26T10:19:46.834441Z
306252,152372,2026-04-26T10:19:46.834441Z
306251,152373,2026-04-26T10:19:46.834441Z
306252,152374,2026-04-26T10:19:46.834441Z
306253,152373,2026-04-26T10:19:46.834441Z
